DATE,GDP,GDPDEF,HOANBS,PNFI,PCE,CNP16OV,ford_tfp,dtfp_util,GDPpc,PCEpc,PNFIpc,HOANBSpc,LABOR_PROD
1949Q1,275.034,13.053,45.812,28.583,,103584.33333333333,,-1.864392801073092,-850.026464073979,,-1076.4347231625293,-819.5329239218639,-77.66693315542604
1949Q2,271.351,12.923,45.058,27.476,,103838.0,0.949669658354874,6.2265802145534055,-850.6182755114932,,-1079.6283044543236,-823.7274375000181,-76.35460325180651
1949Q3,272.889,12.863,44.573,26.112,,104127.33333333333,0.126884524754046,3.5559993365190574,-849.8659642181376,,-1084.5329782496535,-829.0974809399955,-74.24181485426567
1949Q4,270.627,12.864,44.382,25.628,,104427.66666666667,-1.13033039754291,0.13129431826237603,-850.9941149115315,,-1086.6997134368216,-831.2564421931606,-74.6525205240719
1950Q1,280.828,12.845,44.73,26.386,,104733.33333333333,1.09936841185673,8.14174638536301,-847.4384964417244,,-1083.929378023581,-828.6339149673963,-71.58566657264528
1950Q2,290.383,12.888,45.836,28.855,,105020.33333333333,0.001545127903469,-0.5208335200691305,-844.7005165767882,,-1075.592261889716,-819.9625973022487,-71.01657131466669
1950Q3,308.153,13.168,47.278,31.91,,105248.33333333333,0.098635370119052,-0.01683284361900128,-841.1271147161935,,-1067.8948119751062,-810.1158475816349,-70.32383020741244
1950Q4,319.945,13.415,47.715,32.919,,104982.33333333333,-0.610338955517213,0.7244106718626098,-838.9771738871135,,-1066.3870846215937,-806.7497362338347,-69.34701917252329
1951Q1,336.0,13.9,48.517,33.139,,104692.33333333333,-1.56586146878796,-2.9454012352394763,-837.355884926343,,-1068.9959172698582,-805.8070332561934,-69.66919321646029
1951Q2,344.09,13.992,48.906,34.124,,104506.66666666667,-0.587264576688984,-1.824149369317025,-835.4588630859942,,-1066.5490932875257,-802.7005195158955,-68.7482574994914
1951Q3,351.385,14.0,48.437,34.843,,104542.66666666667,2.18463474385381,10.996519336082612,-833.4525401689455,,-1064.5555633934937,-800.6498304319678,-65.74388256502624
1951Q4,356.178,14.16,48.461,34.642,,104746.66666666667,-0.149335027338071,-1.0609367213513454,-833.429049785202,,-1066.4654284997614,-801.423319673204,-65.57498331230939
1952Q1,359.82,14.153,48.774,35.131,,104863.33333333333,-1.16621589274081,-4.947766699020209,-832.4735903380813,,-1065.1255878217858,-800.1329262466155,-65.1520093335719
1952Q2,361.03,14.17,48.569,35.765,,105006.66666666667,1.06554991203247,7.721722669784943,-832.3945115517072,,-1063.5936411329858,-798.480935762727,-64.51514636343065
1952Q3,367.701,14.329,48.92,32.892,,105342.66666666667,-1.99005942739398,-3.2001445455690725,-831.9989155393017,,-1073.402979619627,-807.1744340461805,-64.52016586415328
1952Q4,380.812,14.368,50.218,35.816,,105703.0,0.623684975020737,0.1528787535241083,-829.1086250203477,,-1065.4997344290553,-798.999383273071,-63.90712246995075
1953Q1,387.98,14.371,50.734,37.791,,106672.0,1.86119861298451,9.099229646014486,-828.1772480046991,,-1061.0655292911674,-794.5443005819566,-63.08547924667566
1953Q2,391.749,14.4,50.827,38.465,,106904.66666666667,0.465091400271562,4.533189607343806,-827.629962856353,,-1059.7172220237132,-792.9944013655178,-62.50345874508783
1953Q3,391.171,14.46,50.328,39.614,,107139.66666666667,-0.655966370207898,5.175109580415471,-828.4129970433166,,-1057.409218383158,-790.2705967100962,-62.080299446485995
1953Q4,385.97,14.487,49.542,39.2,,107503.33333333333,-0.60215228089257,2.1672567918140206,-830.2769183143372,,-1058.9852082584162,-791.6600387024645,-62.03128439856559
1954Q1,385.345,14.533,48.876,38.332,,107876.66666666667,-1.09526435112664,5.3302338407907754,-831.1026766968612,,-1061.8880747409585,-794.2458821765551,-61.15693671758207
1954Q2,386.121,14.546,48.51,38.159,,108177.0,0.63737814926798,3.101578640527126,-831.2689303369231,,-1062.7078454428743,-794.9762412696394,-60.29352121439787
1954Q3,390.996,14.565,48.322,38.879,,108443.33333333333,-0.064577011382391,3.8382062123261855,-830.3907102762271,,-1061.2150173419418,-793.3528783008021,-58.781100415585264
1954Q4,399.734,14.605,48.921,38.89,,108786.0,0.042058599394233,1.9068635114876216,-828.7702538596161,,-1061.7764716325912,-793.6400780486208,-58.07713620895477
1955Q1,413.073,14.673,49.705,39.48,,109130.33333333333,0.1191625091968,-1.562776392068737,-826.268290299927,,-1061.051302122356,-792.450395099823,-56.84902690998673
1955Q2,421.532,14.734,50.358,42.063,,109533.66666666667,0.25413965014086,1.3163750466224782,-825.0249293490931,,-1055.4976492979715,-786.4818744719094,-56.54195486934782
1955Q3,430.221,14.837,50.886,44.826,,109883.66666666667,-0.404222320442064,1.56620663754262,-824.000254021067,,-1050.1513242136073,-780.4389181167417,-56.241286742915264
1955Q4,437.092,14.984,51.497,47.085,,110186.0,-2.31373288488998,-5.677997401826126,-823.6764391776142,,-1046.4953612067939,-775.7970646926152,-56.83628194337304
1956Q1,439.746,15.134,51.812,47.772,,110483.33333333333,-1.11239583815414,2.040307314255097,-824.3366539774776,,-1046.3124133467577,-774.6180265195247,-57.83683634413581
1956Q2,446.01,15.224,51.923,49.062,,110787.66666666667,0.005749236326888,6.497509593239473,-823.7902492127512,,-1044.5159061012987,-772.2285931019138,-57.229360862889365
1956Q3,451.191,15.415,51.713,50.746,,111113.33333333333,-1.7851249324577,-2.1363666933889567,-824.1756288589773,,-1042.6814244684545,-769.1473183346432,-56.91595087446585
1956Q4,460.463,15.477,52.0,51.41,,111431.0,1.53435666126818,2.8477820560358342,-822.8283390156466,,-1042.068318910796,-768.1328138177338,-55.836626449314316
1957Q1,469.779,15.689,52.05,52.465,,111720.33333333333,0.222231555735362,3.8236952995016544,-822.4451462201623,,-1041.6567552945207,-766.3607723094387,-55.29022535583391
1957Q2,472.025,15.799,51.939,52.64,,112045.33333333333,-1.53885203031407,5.904546988308978,-822.9573526894108,,-1042.3129190161642,-766.318254327093,-55.29846496711648
1957Q3,479.49,15.893,51.688,54.066,,112430.66666666667,-0.127765274550219,4.363127229393762,-822.32477360077,,-1040.5765252575418,-763.9886491860734,-53.83813679218752
1957Q4,474.864,15.904,50.622,53.215,,112865.66666666667,2.0134333079653,8.836202347312248,-823.7495802627241,,-1042.618393838321,-765.9613288468992,-52.79284670767866
1958Q1,467.54,16.076,49.489,49.369,,113236.33333333333,-1.39125237064687,1.2956621768750205,-826.7074929115934,,-1051.523713883191,-773.7909662244956,-53.15929926784686
1958Q2,471.978,16.123,48.762,47.83,,113532.0,0.727799304911241,0.8941031052841213,-826.3154464144271,,-1055.2433780781842,-777.2186956800239,-51.02657706509493
1958Q3,485.841,16.221,49.347,47.435,,113846.33333333333,-0.796334258823926,-0.08377762555611667,-824.3030154044076,,-1056.9551211077232,-778.3244512009254,-49.93022629481115
1958Q4,499.555,16.298,50.084,49.332,,114283.33333333333,-1.66301508980309,0.9327670701143607,-822.3760722805384,,-1053.8905467238687,-774.7863066340659,-49.10262945676841
1959Q1,510.33,16.336,51.054,50.942,309.4666666666667,114714.33333333333,0.144520948726983,-4.040204270450315,-820.8513945116212,-870.872113467364,-1051.2883789748512,-771.9512528326202,-49.11975822281839
1959Q2,522.653,16.361,52.02,52.735,315.5,115139.0,0.031716258783582,0.06564180458280333,-818.9878063172795,-869.4637145132722,-1048.3516455385413,-768.8616001384473,-48.76109500802491
1959Q3,525.034,16.424,51.867,54.421,320.73333333333335,115550.66666666667,2.09383130450159,3.605263238549149,-819.2745042511241,-868.5598024313422,-1045.9457956127187,-766.0714276410555,-48.39634071079571
1959Q4,528.6,16.489,51.882,54.398,322.8666666666666,115918.0,-0.630145437683367,3.60232843472637,-819.3099813316245,-868.6092374185414,-1046.7004427006257,-766.4310935087426,-48.14333989549906
1960Q1,542.648,16.555,52.208,56.322,326.3666666666667,116707.66666666667,1.25862677358709,6.244328107136689,-817.7654823363216,-868.6094188939652,-1044.3030460048658,-763.6342289049448,-46.546305158182236
1960Q2,541.08,16.597,52.295,57.188,332.2,117036.66666666667,-1.24278728108331,-0.6517431205159285,-818.5897368914386,-867.3727313956183,-1043.312042496846,-762.3898468829879,-47.255557812382
1960Q3,545.604,16.654,52.003,56.165,332.1333333333333,117411.0,-0.953927709070136,2.1612137293423634,-818.4192868683018,-868.0549811843781,-1045.7792519470163,-764.5142091656536,-46.2058399157933
1960Q4,540.197,16.703,51.528,55.882,334.0333333333333,117824.33333333333,0.076005434900793,3.170194495990707,-820.0604549830567,-868.1297649278785,-1046.9296112946006,-765.3707768938195,-46.577980540800986
1961Q1,545.018,16.739,51.231,55.012,334.5333333333333,118254.33333333333,-1.05869721012283,-0.581400235138432,-819.7515455687466,-868.5597751504092,-1049.078293407579,-767.3041607955304,-45.32673220529112
1961Q2,555.545,16.778,51.113,56.198,339.46666666666664,118636.0,1.78546889539297,2.4585411037748575,-818.3934151326349,-867.650800665078,-1047.5002596148072,-765.4934091723969,-43.415775851037196
1961Q3,567.664,16.821,51.415,56.712,342.3666666666666,119000.66666666667,-0.680549076087853,2.5206185178641105,-816.7982785737454,-867.3630192624867,-1047.1526651575798,-764.8898545766154,-42.10283700997382
1961Q4,580.612,16.874,52.066,58.473,349.59999999999997,119189.66666666667,0.359194536536681,-3.2719834515661486,-815.0162596909935,-865.7455672779697,-1044.5680207326466,-761.990623158303,-41.420340065048386
1962Q1,594.013,16.961,52.259,59.656,354.8666666666666,119378.66666666667,-0.388394758914177,3.804860748477945,-813.4071179088261,-864.9230251662759,-1043.2377653491815,-760.1461062602111,-40.02275110602821
1962Q2,600.366,16.989,52.88,61.356,360.4666666666667,119819.33333333333,0.433289912401306,-1.6430271403822503,-812.8766938279035,-863.8906919241012,-1040.9613441634945,-757.7047365835167,-40.30518021014365
1962Q3,609.027,17.024,52.772,62.101,364.3666666666666,120368.0,1.10995459528069,4.847565682217803,-812.1070507256736,-863.4772422327558,-1040.4171017089875,-756.9546903930641,-38.87422584782635
1962Q4,612.28,17.059,52.448,61.819,370.59999999999997,121045.66666666667,1.34189353531684,4.63840695291648,-812.3411393320657,-862.5477773692905,-1041.639032696585,-757.9712403267467,-37.93104320362953
1963Q1,621.672,17.134,52.764,61.973,374.26666666666665,121640.0,0.02674460921522,-0.6248056220509879,-811.7473312871675,-862.4917379513536,-1042.3187129009668,-758.2122335467816,-37.44813110670477
1963Q2,629.752,17.164,53.101,63.883,378.43333333333334,122166.66666666667,-0.031140854230798,0.27844704207335,-811.0629587678897,-861.9915755267634,-1039.89023934702,-755.6088226340922,-36.968383650044366
1963Q3,644.444,17.187,53.245,65.712,385.40000000000003,122669.66666666667,1.3322144768049,5.655009792959893,-809.3015739257311,-860.7121912819925,-1037.612211158599,-753.1968827491439,-35.06692580190166
1963Q4,653.938,17.326,53.661,67.669,390.0333333333333,123188.66666666667,-0.241565839982054,-0.29477423925429125,-809.0668052236014,-860.7448392419249,-1035.905242543827,-750.6844161970321,-35.18821984071298
1964Q1,669.822,17.381,54.772,69.113,399.59999999999997,123708.0,1.42327436842889,5.622853865387089,-807.4044879019469,-859.0592837691329,-1034.5314038246547,-748.9936382665204,-35.15447646050718
1964Q2,678.674,17.421,55.013,71.075,407.5333333333333,124203.0,0.203115291155331,-2.9148255061094104,-806.7208083392286,-857.7226248910677,-1032.361332030013,-746.5936945242106,-34.51050015524667
1964Q3,692.031,17.49,55.367,73.406,416.40000000000003,124739.33333333333,0.748530765979888,3.5932641360467747,-805.5980042344409,-856.396445790574,-1029.960511849772,-743.7975829467211,-33.59822851309795
1964Q4,697.319,17.57,55.906,75.324,419.0,125289.0,-1.08987150621596,-0.873878341132161,-805.7328268111643,-856.6700330001655,-1028.2772440800397,-741.6579538601392,-34.262162931391096
1965Q1,717.79,17.658,56.771,80.23,429.7,125814.0,-0.153253898574577,-0.5186708005307903,-803.7571796134959,-855.0661552513242,-1022.8851333528626,-735.7662395049235,-33.40375232851187
1965Q2,730.191,17.739,57.334,83.382,436.6333333333334,126324.66666666667,0.704711612211068,1.2069107107849062,-802.9070053211673,-854.3282408231454,-1019.8943738234445,-732.3178132727644,-33.13532777362449
1965Q3,749.323,17.808,57.476,86.686,445.8,126745.0,1.95594337615655,8.329223940382082,-801.041013526198,-852.9709846525012,-1016.7287873084243,-728.7640078551054,-31.184513168534778
1965Q4,771.857,17.93,58.023,90.645,459.76666666666665,127169.33333333333,2.18464601875754,2.614804965387736,-799.0950798585175,-850.9030983878183,-1013.2799319809917,-724.6324032192875,-29.851547157537045
1966Q1,795.734,18.046,58.854,94.382,470.1333333333334,127511.33333333333,0.557257417462525,3.26257950800178,-796.9619622948843,-849.5868239675882,-1010.1534205087435,-720.8610151515126,-28.871889523995275
1966Q2,804.981,18.193,59.429,96.823,475.1666666666667,127868.66666666667,-0.782833952231669,-2.0618131537853275,-796.8977204553119,-849.6130259524049,-1008.6911309843546,-718.587440512888,-29.500055277752672
1966Q3,819.638,18.369,59.708,98.325,484.3333333333333,128233.66666666667,-0.331857337532296,0.9414450551916891,-796.3411081290948,-848.9500485758779,-1008.3995542343079,-717.3331081179151,-29.12676965649173
1966Q4,833.302,18.523,59.56,99.163,490.06666666666666,128617.0,0.089123090250378,3.722268479499121,-795.8211356554286,-848.9066041763695,-1008.6842517191498,-716.7829314050912,-28.060128947510947
1967Q1,844.17,18.6,59.495,97.999,494.3333333333333,129043.66666666667,0.159284798664644,7.7791608450142915,-795.271381196206,-848.7857654606495,-1010.611043353944,-718.2948852820285,-27.069996001201485
1967Q2,848.983,18.695,59.138,98.297,503.43333333333334,129527.0,0.288313241662513,4.42419127408602,-795.5861578473657,-847.8449444123218,-1011.1907233159931,-718.3651124730853,-26.409064166897412
1967Q3,865.233,18.874,59.336,98.785,510.7,130165.66666666667,-0.833062904260439,-1.6347605682893906,-795.1349755883296,-847.8566257051414,-1012.1402819339645,-718.3617505740502,-25.80026832116816
1967Q4,881.439,19.084,59.606,101.744,518.2333333333333,130757.33333333333,-1.02718971111879,3.612568416782472,-794.8392955471052,-847.9523163400058,-1010.7488900162593,-715.8638612508731,-25.50507285825122
1968Q1,909.387,19.295,59.713,105.582,536.2666666666667,131267.0,1.79346299785908,5.8323126274899675,-793.206394471641,-846.0203141075159,-1008.5346788667813,-712.5500793678231,-23.662500097766824
1968Q2,934.344,19.499,60.284,105.299,550.0333333333333,131712.33333333334,0.920079316790106,2.521787319657869,-791.889403395698,-844.8759830277479,-1010.1934790309455,-713.1571608106007,-22.958523198973072
1968Q3,950.825,19.69,60.71,107.609,566.1333333333333,132250.0,0.240471438939189,-0.6712612177932167,-791.5230213583758,-843.3730620650642,-1009.405595501911,-711.3945062368076,-22.888929300555517
1968Q4,968.03,19.968,61.087,112.182,574.9333333333334,132880.0,-0.554830271333645,-2.0045895304223,-791.6069657942313,-843.7078644427626,-1007.1210184063002,-707.7079191875985,-23.116699123735234
1969Q1,993.337,20.174,61.659,115.993,587.0333333333333,133476.0,-1.15815691542768,-0.6245453164132082,-790.5001629912978,-843.0990007879743,-1005.2541767554717,-704.8147120922073,-22.494386888992945
1969Q2,1009.02,20.431,62.23,118.368,598.3666666666667,134020.33333333334,-0.429879409995891,-3.0277496379736784,-790.6065322209996,-842.8596442963797,-1004.9001748322667,-703.1948393064991,-23.115571207608774
1969Q3,1029.956,20.718,62.536,122.408,608.6,134595.0,-0.664974974140294,-0.8072213167709222,-790.3757074171557,-842.9867198573307,-1003.3668708616666,-700.2665820980756,-22.947391668931896
1969Q4,1038.147,20.985,62.359,123.284,620.6,135246.66666666666,-0.444905093358083,-0.7893329484478713,-791.3470775276774,-842.7976695458485,-1004.4172810523944,-700.036491373839,-23.15232327301004
1970Q1,1051.2,21.28,62.115,123.796,631.6666666666666,135949.66666666666,0.419169894264347,4.492081173525956,-792.0120014918889,-842.9445833800818,-1005.9172613098431,-700.1404948624986,-22.90675224087379
1970Q2,1067.375,21.577,61.308,125.008,641.5666666666666,136676.66666666666,0.087624584585883,7.117658702234313,-792.4043608396719,-843.3088148871522,-1006.8623515370101,-699.6995582812852,-21.45806304661392
1970Q3,1086.059,21.754,61.008,126.255,653.5,137456.0,1.4438503869057,5.546362155415965,-792.0545966722847,-842.851426048522,-1007.2553122217847,-699.2755473546189,-20.049182496021626
1970Q4,1088.608,22.042,60.545,123.52,660.1666666666666,138260.33333333334,-1.03111746776782,-0.4920118790295174,-793.7188289820754,-843.7351056288469,-1011.3440298405865,-702.0490574136514,-20.368151961410256
1971Q1,1135.156,22.376,60.825,126.281,679.1666666666666,139033.66666666666,0.759890325935782,5.011761146617453,-791.5934979515571,-842.9593788473397,-1011.195076235151,-700.3961806451852,-18.146447916451084
1971Q2,1156.271,22.67,61.026,129.481,693.2333333333332,139827.33333333334,-0.440181890418864,0.1544958047584987,-791.6250620772199,-842.7839428740301,-1010.5671919367351,-698.4629454847914,-17.938701656708485
1971Q3,1177.675,22.901,61.029,131.19,705.6,140602.66666666666,0.44064993431216,8.689554392947468,-791.3576367437381,-842.5825297550057,-1010.82271481497,-697.704657042066,-17.12323039617063
1971Q4,1190.297,23.092,61.682,134.711,721.6999999999999,141401.66666666666,0.015710982847627,-5.716191717053259,-791.6887921669164,-841.7236516388579,-1009.5714313430012,-695.6228076231324,-17.952025655195634
1972Q1,1230.609,23.443,62.378,140.585,738.9666666666667,143005.33333333334,-0.777038741582678,1.5513855678292452,-790.9944699665988,-841.9956333519444,-1007.9396859398995,-692.4824916531614,-17.252014418961036
1972Q2,1266.369,23.589,62.831,143.976,757.3666666666667,143758.66666666666,1.53411294653122,2.800645955484372,-789.2762718945257,-840.682424408595,-1006.7025129355895,-690.6244627678407,-15.732005449985767
1972Q3,1290.566,23.815,63.188,147.015,775.7666666666668,144522.66666666666,0.268114845281031,2.436034348169204,-788.8671110412118,-839.7655483548363,-1006.0972648841619,-689.0657014588795,-15.3593883140921
1972Q4,1328.904,24.118,63.853,154.967,800.5,145215.0,1.50744491273232,3.578187316972596,-787.6819310162473,-838.3692599066914,-1002.571694047735,-684.275849079595,-14.743219483635158
1973Q1,1377.49,24.396,64.809,162.839,825.0333333333333,145964.33333333334,1.77327822720728,4.29967159885184,-785.7518481570443,-837.0112973484166,-999.2774780424406,-679.8355595990198,-13.784538556457052
1973Q2,1413.887,24.771,65.486,171.283,840.5333333333333,146719.66666666666,-0.53450465244885,-2.3537170901722195,-785.1854701561223,-837.1916018694535,-996.2635470382124,-675.2961856278723,-13.741206531208212
1973Q3,1433.838,25.254,65.928,176.642,858.8666666666667,147478.33333333334,-1.91167960735509,-3.983030561672078,-786.2311066266753,-837.4807419644036,-995.6296024844951,-672.7311465828461,-14.94377524109739
1973Q4,1476.289,25.757,66.259,180.142,873.9,148226.0,-0.240632270580798,1.0988926658323634,-785.7913064427738,-838.223389724644,-996.1454421110122,-671.2747986283248,-14.499095407096238
1974Q1,1491.209,26.243,65.985,183.404,891.8666666666667,148986.66666666666,-1.56072532284375,-3.1596463510269484,-787.166890295317,-838.5694737697867,-996.7320012438666,-669.9920725629578,-14.948425095704188
1974Q2,1530.056,26.863,66.164,188.818,920.4,149746.66666666666,-0.378205247151521,3.1144108572349527,-787.4390516488922,-838.2641773351571,-996.6666543362802,-667.5916668258884,-14.982676846003445
1974Q3,1560.026,27.65,65.94,194.485,949.2666666666668,150498.0,-1.28363114667119,-6.485868460158394,-788.8873035243204,-838.5641045335781,-997.0975762752652,-665.1350034784307,-15.591319884056661
1974Q4,1599.679,28.463,64.863,197.569,959.0666666666666,151253.0,-0.932477576207514,5.557643051883705,-789.775594551679,-840.9353619291684,-998.9226318201462,-664.0621319991812,-14.332408838818742
1975Q1,1616.116,29.11,62.854,193.137,985.1999999999999,151987.33333333334,2.58496084538461,9.766739438318414,-791.4853202097156,-840.9789554533814,-1003.9234439136214,-666.8152681378682,-12.411531568144248
1975Q2,1651.853,29.543,62.28,193.276,1013.5666666666666,152707.66666666666,0.988714550193243,4.1986621496185705,-791.2474559411039,-840.0896784098329,-1005.8008307313829,-667.2161478156618,-10.783420905215957
1975Q3,1709.82,30.065,62.846,197.807,1047.2,153579.0,-0.438623440169098,-1.5978120559147815,-790.1188695292125,-839.145686149469,-1005.8040268245852,-665.4678563754319,-9.990561310833005
1975Q4,1761.831,30.568,63.917,202.883,1076.2666666666667,154336.33333333334,-0.910530100214388,-4.342008621943624,-789.2734304639145,-838.5589651309681,-1005.421373459508,-663.4260024450482,-10.34301886723995
1976Q1,1820.487,30.891,64.968,209.504,1109.8999999999999,155075.0,-0.127878484132329,0.42467828110508243,-787.5269702489409,-837.0103829026109,-1003.7386196925361,-660.6921317582637,-9.75003936281998
1976Q2,1852.332,31.202,65.004,215.008,1129.5333333333335,155773.66666666666,0.462793856989172,3.307017670981626,-787.2440908548376,-836.7081726291184,-1002.596633660934,-658.5484141284282,-9.073033699011607
1976Q3,1886.558,31.605,65.264,222.627,1158.8,156526.66666666666,0.139011374225437,-0.3219742151510838,-787.1787720710207,-835.9156738512205,-1000.8799279120915,-655.5483943196652,-8.924663480227139
1976Q4,1934.273,32.172,65.614,230.244,1192.4333333333334,157222.0,0.113195827420069,3.9526598255451773,-786.9023783063859,-835.2759291098326,-999.7370991172555,-652.6274482130733,-8.739877258369031
1977Q1,1988.648,32.69,66.307,243.278,1228.2,157910.66666666666,-0.086380842241426,2.6716819686465927,-786.1643682163113,-834.3549010106711,-996.2649149646634,-647.5579928910514,-8.615440320960634
1977Q2,2055.909,33.151,67.564,253.749,1256.0,158652.33333333334,-0.888632815780582,-2.6000687933240623,-784.7070021524714,-833.9856039391703,-993.9197796958316,-643.8124914868907,-8.567481401237403
1977Q3,2118.473,33.554,68.29,263.268,1286.8999999999999,159429.66666666666,0.173182838898064,7.0899919646593546,-783.4063398846945,-833.2522719466072,-991.9341699220765,-640.6185617872558,-7.846859920246034
1977Q4,2164.27,34.279,68.964,275.943,1324.8,160140.33333333334,-1.53290433614899,-5.056212386763818,-783.8500313782193,-832.9321931280967,-989.8144392262495,-636.3611470487,-8.827914995932847
1978Q1,2202.76,34.778,69.284,282.424,1354.0333333333333,160828.66666666666,-0.411218409766428,3.651459886445461,-783.961349957159,-832.6236826504179,-989.3670410244255,-634.4685407284378,-8.973260375155567
1978Q2,2331.633,35.443,71.301,309.351,1411.3999999999999,161525.33333333334,1.22602074566349,-0.1663852201550089,-780.6018884913088,-830.800564578867,-982.5866489799176,-625.7940717532049,-8.051196539215534
1978Q3,2395.053,36.044,71.905,325.1,1442.2333333333333,162265.0,-0.175652091713543,0.1974034745414983,-780.0565855552367,-830.7778377536424,-979.7593667278995,-621.2853252906204,-7.892557867464485
1978Q4,2476.949,36.782,72.775,341.428,1481.3333333333333,163024.0,-0.465357920115531,-0.7716594242447425,-779.187846343615,-830.5963441199445,-977.352448106218,-616.8515885985391,-7.759824485377041
1979Q1,2526.61,37.452,73.299,356.695,1517.1333333333332,163756.33333333334,-0.324190500983398,-1.0936564190143545,-779.4561180394819,-830.4617074413986,-975.2313867785947,-612.9253754709305,-8.29733170352101
1979Q2,2591.247,38.37,73.532,364.268,1557.6333333333332,164447.33333333334,-0.23969985028585,5.083035961442625,-779.7727034069283,-830.6698685802066,-975.9731679612374,-611.2455775353512,-8.510208387256931
1979Q3,2667.565,39.208,74.203,383.003,1611.8666666666668,165199.66666666666,-1.1767697402231,-5.438142907782057,-779.4869579653749,-829.8642723258243,-973.574810786983,-606.6867300262583,-8.676403796588511
1979Q4,2723.883,39.936,74.373,391.332,1655.0666666666666,166054.66666666666,-0.420773528422836,-0.6703815607119125,-779.753678833658,-829.5753934168007,-973.7794198582587,-605.0516025835624,-8.655743068978229
1980Q1,2789.842,40.775,74.194,404.492,1702.3,166762.33333333334,0.36869045601043,8.311876000132234,-779.8653830180856,-829.2658515747785,-972.976211376843,-602.1692965261353,-8.101219048971583
1980Q2,2797.352,41.745,72.854,394.68,1704.7,167415.66666666666,-0.889087876134611,-2.5600880554677365,-782.3386170108556,-831.867028335936,-978.1739394527275,-605.015971088131,-8.360858771599725
1980Q3,2856.483,42.678,72.522,405.717,1763.8,168110.66666666666,-0.419264653010494,-1.9927974669058843,-782.8714909848325,-831.0835485202,-978.0405464437675,-602.6721899458244,-8.022710227705126
1980Q4,2985.557,43.79,73.497,422.755,1831.8666666666668,168693.66666666666,-0.963455970968967,-3.8575034231604777,-781.3703598570756,-830.2154444273216,-976.845239162504,-598.9046910811733,-7.510846178841657
1981Q1,3124.206,44.943,73.921,443.025,1885.7,169279.0,0.121863075889548,4.755371693657043,-779.7763090578867,-830.26441567327,-975.1072338604167,-594.5677318400814,-6.145652569709685
1981Q2,3162.532,45.834,73.978,462.864,1917.5666666666666,169837.33333333334,-0.543256222002646,-4.036019258149483,-780.8494317427524,-830.8810268859752,-973.0189294553045,-590.5163120765766,-6.966567393088938
1981Q3,3260.609,46.696,73.936,482.109,1958.0666666666666,170412.66666666666,1.28905796167344,8.532781926970937,-779.9967466684496,-830.9923862554941,-971.1466503851021,-586.780799594953,-5.718909529947719
1981Q4,3280.818,47.503,73.613,503.755,1974.4333333333334,170990.33333333334,-2.75696745970122,-1.828422686980601,-781.4307110083921,-832.2118454278806,-968.8065131843489,-582.7272264902532,-6.376644698373658
1982Q1,3274.302,48.157,72.375,500.083,2014.1333333333332,171497.0,-0.102251671461075,1.9854052619065907,-783.2927563842292,-831.8843285094144,-971.2013474779559,-583.7546968078046,-6.246744701168856
1982Q2,3331.972,48.783,72.708,490.069,2039.6333333333332,172020.0,-0.56823890029311,-2.925063571547194,-783.1428319727086,-832.2222587495907,-974.8201722099651,-586.0819830587956,-6.2513711372467045
1982Q3,3366.322,49.475,72.19,478.723,2085.633333333333,172521.66666666666,-0.790641219022926,-2.6787356696767635,-783.8169570236597,-831.6917757816921,-978.8623460881759,-588.715596939313,-5.919299095688635
1982Q4,3402.561,49.987,71.517,471.521,2145.566666666667,173046.0,2.19292701052277,0.7486915333966222,-784.0792043352857,-830.1916728975059,-981.7112065923945,-590.534909430166,-4.941449294001051
1983Q1,3473.413,50.364,71.952,462.106,2184.6,173505.0,0.421876252313231,-1.5050527788664572,-783.034536750059,-829.4050306127623,-984.7444028542586,-592.8167394403132,-4.238290113132974
1983Q2,3578.848,50.739,72.79,466.455,2249.4333333333334,173957.33333333334,0.192779614572888,-1.3045567334552004,-781.046394315917,-827.4826571433035,-984.8098630447611,-592.1403784787597,-3.1477188889706937
1983Q3,3689.179,51.278,74.245,485.371,2319.9,174449.33333333334,0.247813436262805,-4.700012958141029,-779.3492216310692,-825.7372075081944,-982.1737888397903,-588.4476078106132,-3.147302658544525
1983Q4,3794.706,51.667,75.639,514.687,2372.5,174950.33333333334,0.405589929947949,0.5974851050691861,-777.571446647051,-824.5377152459442,-977.3517734035305,-582.8698454192076,-2.9429086554833095
1984Q1,3908.054,52.19,77.086,531.465,2418.1666666666665,175678.66666666666,-0.451360176046416,3.280458849454476,-776.0507922496224,-824.0537797085424,-975.5665409123411,-580.077450346809,-2.9017756499132457
1984Q2,4009.601,52.636,78.09,558.274,2475.866666666667,176125.33333333334,0.35939619495907,3.4657767274902733,-774.5904423979151,-822.8005656023975,-971.7501556794879,-575.4101260506984,-2.481528985932322
1984Q3,4084.25,53.104,78.429,576.642,2513.5333333333333,176595.33333333334,0.91948146209211,1.6373690362338937,-773.8975004807787,-822.4423651949666,-969.6646773372022,-572.4394518394403,-1.9552619991162221
1984Q4,4148.551,53.501,78.94,590.903,2561.766666666667,177132.33333333334,1.04241215781113,1.5439030445769473,-773.3838327846184,-821.5900319847165,-968.2700848135129,-570.3000502819069,-1.787401992189052
1985Q1,4230.168,54.03,79.571,599.417,2636.0333333333333,177522.33333333334,1.21393578405655,4.650923285693285,-772.6394161871244,-819.9360608470151,-968.0433633259547,-569.0894185403573,-1.6192165153322695
1985Q2,4294.887,54.378,80.114,609.088,2681.766666666667,177946.33333333334,-0.223209028571038,-1.5109230186157285,-772.0016421578031,-819.0965885682386,-967.3234189538006,-567.7274529237305,-1.4229756215746208
1985Q3,4386.773,54.706,80.339,604.432,2754.1666666666665,178413.33333333334,1.86317250370499,2.9313694569670288,-770.7482471338232,-817.2961431885391,-968.9542453310688,-568.7569060684282,-0.18794183412601387
1985Q4,4444.094,55.012,80.742,618.067,2779.4,178940.66666666666,-0.431150703680294,-1.3647939216717515,-770.3029599339684,-817.237054593823,-967.576403616994,-566.8212692917477,0.05210734111086282
1986Q1,4507.894,55.286,80.626,613.525,2823.633333333333,179825.33333333334,1.31590750593758,3.769287126987769,-769.8675639177739,-816.6481249595566,-969.3039987190659,-568.0520275270887,1.1244471070321915
1986Q2,4545.34,55.495,80.407,605.016,2851.4666666666667,180320.66666666666,0.194293583947802,3.3835959014394406,-769.692714170735,-816.3196192227401,-971.3530049039601,-569.7237122435658,1.8463647618815897
1986Q3,4607.669,55.723,80.814,601.964,2917.2000000000003,180835.66666666666,1.23500414551192,0.3716998824946278,-769.025959876669,-814.7357435855105,-972.5539324108944,-570.5146336014965,2.293416225977921
1986Q4,4657.627,56.026,81.422,610.553,2952.7999999999997,181365.33333333334,-0.80226201474737,-0.990247439389858,-768.7823190939735,-814.3575409175487,-971.9719457021827,-569.3903588319654,2.0799994487033806
1987Q1,4722.156,56.382,82.436,596.551,2983.5,182001.33333333334,-2.16455747704656,-4.323204514628707,-768.389849671986,-814.3066863706271,-975.2754514042579,-572.0604555413596,1.5848560610301548
1987Q2,4806.16,56.773,82.909,608.371,3053.3333333333335,182526.66666666666,0.702022395529482,4.321384033805969,-767.60587131897,-812.9723251650577,-974.2927527410769,-570.3866666811971,2.0849226078012553
1987Q3,4884.555,57.202,83.486,625.48,3117.3333333333335,183016.0,0.867592292501522,1.3258621347529873,-767.0084257366964,-811.918450802128,-972.5398367529765,-567.8809504720309,2.256564919979557
1987Q4,5007.994,57.658,84.348,630.552,3150.933333333333,183467.0,-1.13409898243343,0.6145920802569276,-765.5528384613629,-811.8865115080881,-972.7723473078811,-567.319446756101,2.9310611196578633
1988Q1,5073.372,58.11,84.426,641.498,3231.866666666667,183967.33333333334,0.739884393782495,5.6802346816902745,-765.3090286415716,-810.4036086020232,-972.1045184326906,-565.8707418239892,3.3547787147926873
1988Q2,5190.036,58.676,85.613,659.366,3291.7000000000003,184389.33333333334,-0.570814671914706,1.1481591235093982,-764.2339615241063,-809.7676100160909,-970.5556760510947,-563.352597588543,3.262798715092435
1988Q3,5282.835,59.377,85.843,666.332,3361.9,184840.33333333334,0.050191353173181,1.5828549723139038,-763.8936449919896,-809.0893045015762,-970.9366569512285,-562.5459623514255,3.5791171970551297
1988Q4,5399.509,59.89,86.808,681.924,3434.533333333333,185253.33333333334,-0.114162377454214,0.03901290115634315,-762.7925780482597,-808.0352743928286,-969.7070868291266,-560.4561322014896,3.7854972898149493
1989Q1,5511.253,60.515,87.677,696.466,3490.1666666666665,185772.66666666666,-0.960380636469988,-1.3228019708525827,-762.0622970127829,-807.7465481592851,-968.9151274618705,-558.6260006428138,3.7996405536671745
1989Q2,5612.463,61.159,88.016,708.998,3553.7999999999997,186178.0,-0.187172160157733,-2.0287997402773725,-761.5190575090485,-807.2162782180673,-968.4082809037969,-557.0605778666699,4.174929309678951
1989Q3,5695.365,61.606,88.218,731.137,3609.4,186602.33333333334,0.723137967987575,2.1910990667497323,-761.0086375040945,-806.6197507649434,-966.2893483486075,-554.2134215092523,4.683767291856042
1989Q4,5747.237,62.045,88.222,727.373,3653.7000000000003,187017.66666666666,-1.01289397960624,-0.9097527158424442,-761.0343797189505,-806.3322661993029,-967.7378880394483,-554.95189521679,4.875820332205799
1990Q1,5872.701,62.714,88.48,740.88,3737.933333333333,188519.66666666666,0.724119819157168,0.9116294887740954,-760.747237779983,-805.9254168070765,-967.7703652215921,-553.9118944015097,5.6708697303256255
1990Q2,5960.028,63.416,88.096,734.124,3783.433333333333,188916.33333333334,0.876928824677957,0.578589067412292,-760.5945252753622,-806.038854517837,-970.0097759112646,-555.0381563577793,6.468713353988566
1990Q3,6015.116,63.96,87.646,744.412,3846.7000000000003,189352.66666666666,-0.586486183019333,0.20896622642885232,-760.7593491120488,-805.4653487596144,-969.7029759460286,-553.8771871494531,7.0467051104196585
1990Q4,6004.733,64.436,87.271,737.519,3867.933333333333,189866.33333333334,-0.858770695053599,-0.5993714897955598,-761.944480734996,-805.9272456939399,-971.6456227334008,-555.0783744198288,6.561256764132761
1991Q1,6035.178,65.067,86.416,729.8,3873.566666666667,190271.66666666666,-0.621355140785445,1.615603838543565,-762.626503501538,-806.9694681839568,-973.8855138724455,-556.3437630475875,7.077027561230656
1991Q2,6126.862,65.545,85.874,726.787,3926.933333333333,190655.66666666666,0.289863015175403,2.5582887080647136,-762.052322815735,-806.5347139425297,-975.2327767635899,-556.9590837986127,8.481995392241164
1991Q3,6205.937,66.057,85.774,720.15,3973.2666666666664,191121.33333333334,-1.11229376655131,-0.6454083643370117,-761.792007057534,-806.3837890778835,-977.1722240420755,-558.1204234749998,9.102775755179152
1991Q4,6264.54,66.449,85.629,717.6,4000.0333333333333,191650.66666666666,-1.02482747721279,-0.827254453881021,-761.7203844651478,-806.5806312102429,-978.3951974758482,-558.7517238621418,9.620169389479596
1992Q1,6363.102,66.696,85.125,714.208,4100.400000000001,192074.66666666666,2.06414640676499,10.293008669317567,-760.7513172130679,-804.6944636500187,-979.461020896766,-559.4465227859348,11.400552770076757
1992Q2,6470.763,67.097,85.455,736.717,4155.666666666667,192506.66666666666,-0.349924685833513,-1.3741297930511414,-759.8976088289595,-804.1797254057238,-977.1821568432661,-556.5682234843489,12.092005425486905
1992Q3,6566.641,67.425,85.6,748.536,4227.0,193024.33333333334,0.943285138516422,0.5635274212099526,-759.1829690991905,-803.2339607846003,-976.3468109517311,-555.2452240491517,12.905656524739987
1992Q4,6680.803,67.889,86.151,768.287,4307.2,193615.66666666666,0.119447408088803,-0.8005395836693634,-758.451092302386,-802.3461071900442,-974.7341030654134,-552.9467012158885,13.301787982406276
1993Q1,6729.459,68.27,86.915,776.488,4349.5,194106.0,-1.47525203260473,-7.0985121765067225,-758.5380078932857,-802.1813937063014,-974.4848923501359,-552.137849207117,12.584897207406048
1993Q2,6808.939,68.676,87.897,792.371,4418.599999999999,194555.33333333334,-1.45155853731435,-2.0690135668035747,-758.1880098229883,-801.4293502124701,-973.2841968464884,-550.3442175249918,12.042611908091292
1993Q3,6882.098,69.084,88.423,798.315,4487.166666666667,195068.0,0.129214761928652,-3.7341259245483647,-757.9747823885767,-800.7449900559237,-973.392339378448,-549.8600238302806,11.922355402299486
1993Q4,7013.738,69.461,89.264,829.642,4552.666666666667,195621.0,-0.214409193247398,3.7723082353364648,-756.9073760631829,-800.1231415917655,-970.3705554328656,-546.2940110341237,12.32623610481591
1994Q1,7115.652,69.793,89.823,840.715,4621.233333333334,196085.33333333334,-0.433712052796085,-3.6729053660275985,-756.1786792109525,-799.3422032104311,-969.7586215564459,-545.2052497358114,12.66773582695432
1994Q2,7246.931,70.13,91.28,855.609,4683.166666666667,196522.0,-1.31851157033574,-0.7494969754629506,-755.0546977978055,-798.7150527588899,-968.7066829773822,-543.6716167225003,12.405097978013686
1994Q3,7331.075,70.532,92.351,872.098,4752.733333333334,197050.0,-0.575720730907908,-0.5971840794771894,-754.7401848469676,-798.080412004495,-967.6377487253503,-542.0310979707826,11.821439919652061
1994Q4,7455.288,70.915,92.742,906.989,4826.7,197600.66666666666,-0.236467890957941,3.172382867063256,-753.8806556612552,-797.3567131530848,-964.5355092708511,-538.387311596194,12.537543709858728
1995Q1,7522.289,71.3,93.185,944.62,4862.466666666666,197882.0,-1.35139163502535,0.9101311892148458,-753.6696740921418,-797.3021367127484,-961.153976962531,-534.4643442205061,12.414266697216005
1995Q2,7580.997,71.642,93.051,956.779,4933.599999999999,198295.66666666666,-0.332544862301981,4.103870722824697,-753.579595569431,-796.5371732347096,-960.5623521229411,-533.3942027061983,12.857077622186324
1995Q3,7683.125,71.995,94.12,965.53,4998.666666666667,198807.0,-0.263968643982199,0.6739659532469617,-752.9904811590942,-795.9759966824855,-960.4009282643276,-532.7412610483041,12.561440840220975
1995Q4,7772.586,72.342,94.361,982.059,5055.666666666667,199351.66666666666,-0.119461901277653,0.9161090176532256,-752.5872380120046,-795.5965581259468,-959.4579198626712,-531.3174325263485,12.982548096526722
1996Q1,7868.468,72.69,94.546,1003.747,5130.599999999999,199776.0,1.0219865652334,6.5410048556404465,-752.0537182174193,-794.8177950968051,-957.9660564893541,-529.3456741396996,13.532834713610272
1996Q2,8032.84,72.991,95.431,1026.468,5220.533333333334,200279.33333333334,0.095116804963943,-2.9440210210036897,-750.6511065505223,-793.7449636847535,-956.3925421560551,-527.3589275683944,14.255379900062085
1996Q3,8131.408,73.23,96.229,1058.965,5274.5,200849.66666666666,-1.06827826220531,-0.11800705968254643,-750.0427779966923,-793.3277986123855,-953.8869858237692,-524.5264685164714,14.315343266122133
1996Q4,8259.771,73.621,97.324,1083.597,5352.766666666666,201457.33333333334,-0.334290423860613,1.7358091913724225,-749.311106166796,-792.6894363648968,-952.4221862169895,-522.5291551045855,14.217621244428916
1997Q1,8362.655,74.06,98.151,1107.299,5433.099999999999,202395.66666666666,-0.718903612788322,-2.2547060014737803,-749.1324142510285,-792.2590229482737,-951.3176386296022,-520.8300810810555,14.014855474872176
1997Q2,8518.825,74.21,98.626,1129.567,5471.233333333334,202835.33333333334,0.23690711486473,3.2948336371216174,-747.701497547261,-791.9789332713303,-949.7459022556058,-519.0560110574016,15.179986900101042
1997Q3,8662.823,74.532,99.212,1178.364,5579.166666666667,203366.66666666666,0.166532438396164,4.553111015477338,-746.7198501876703,-790.7199730505682,-946.2112117053405,-515.0883553688237,15.830839187837562
1997Q4,8765.907,74.777,99.684,1181.123,5663.633333333334,203935.33333333334,0.092525530671783,-0.7598394753179689,-746.1443308424284,-789.8247683243409,-946.5847620374483,-515.1337269308775,16.21097380400334
1998Q1,8866.48,74.887,100.311,1212.378,5721.333333333333,204395.0,-0.573280917536282,3.0206117141120816,-745.3756832630534,-789.183282843572,-944.3450986686476,-512.747067598041,16.577748260092118
1998Q2,8969.699,75.063,100.826,1247.103,5832.566666666667,204905.0,0.800079493999844,4.757174686589641,-744.7022098819364,-787.7417062975832,-942.0050956505652,-510.1723195571896,16.9883378371986
1998Q3,9121.097,75.386,100.966,1261.652,5926.866666666666,205482.66666666666,1.2248483768677,4.115773633933138,-743.739318269908,-786.8487578009319,-941.5561291320511,-509.29397099391684,18.09399530370212
1998Q4,9293.991,75.593,102.209,1295.444,6028.233333333334,206097.66666666666,0.230135816717898,-1.4576841707744297,-742.4345790477599,-785.7259864507738,-939.486035924095,-506.9496672935014,18.47399184572024
1999Q1,9411.682,75.835,102.067,1322.305,6102.033333333333,206876.0,0.446284077926879,6.656701969962364,-741.8727823820861,-785.2057458490477,-938.1303081596195,-505.2743154092835,19.5517574728316
1999Q2,9526.21,76.122,102.629,1353.96,6230.633333333334,207431.66666666666,-0.112658719533236,-1.2570213127251617,-741.3092337486004,-783.7661298277897,-936.4105652595135,-503.1768336208619,19.83443657904644
1999Q3,9686.626,76.393,103.288,1386.594,6335.333333333333,208043.66666666666,1.12237393129582,1.161860569383591,-740.289289124886,-782.7496632382462,-934.6788682117698,-501.0897613179518,20.508917842615663
1999Q4,9900.169,76.815,103.726,1395.049,6467.033333333333,208660.33333333334,1.28915167785942,5.334065404135936,-738.9555836414386,-781.5390187291641,-934.9178124011825,-500.77781904292016,21.715436605164747
2000Q1,10002.179,77.325,104.198,1450.25,6618.233333333334,211586.0,-0.701636400155864,-0.2537252362888356,-739.9845884538262,-781.2820387538791,-933.0912898431513,-498.28955798603795,21.624799439119588
2000Q2,10247.72,77.807,104.497,1498.729,6711.900000000001,212242.0,1.55235430593451,4.003476563075834,-738.4903292692633,-780.8076464144426,-930.7341118924404,-495.3109717494444,23.142075651016565
2000Q3,10318.165,78.263,104.459,1519.657,6819.966666666667,212918.66666666666,0.221794338386918,1.147011664957132,-738.7079261793066,-780.1130611700984,-930.2500544460003,-494.24255946531923,23.27916134211198
2000Q4,10435.744,78.688,104.104,1525.091,6918.599999999999,213560.33333333334,1.04758253901044,4.84075341753952,-738.4173214003996,-779.5196613483167,-930.7355970095945,-494.1865304062161,24.21110499760589
2001Q1,10470.231,79.204,104.044,1505.248,6995.3,214101.0,-0.094792244183884,0.2708130714462009,-738.9938581218587,-779.3236173920124,-932.9517000216302,-495.7490197620754,23.945067747025565
2001Q2,10599.0,79.683,103.051,1473.585,7042.233333333334,214735.66666666666,0.927142422432662,3.7927528871230027,-738.6704420485445,-779.5538722820462,-935.976587021656,-498.1709607046573,25.5234661540713
2001Q3,10598.02,79.996,101.773,1452.58,7070.333333333333,215421.66666666666,-0.575752928173823,0.7670483725645503,-739.3906789923415,-779.8666354771754,-938.1232695460833,-499.92560620369943,26.370099377100363
2001Q4,10660.465,80.245,100.639,1408.856,7187.3,216111.66666666666,1.40108425262512,3.4626650146305145,-739.4337665380766,-778.856412453087,-941.8101676628422,-503.3017221855302,27.76730065127118
2002Q1,10783.5,80.504,99.788,1374.027,7217.733333333334,216664.0,0.986519590666562,4.882070343893921,-738.8637450974659,-779.011367822178,-944.8908794822449,-506.06019221914175,29.44176588540136
2002Q2,10887.46,80.783,100.048,1357.267,7307.966666666667,217203.66666666666,-1.07702970523665,-0.3937605077306565,-738.499034855692,-778.3636939496889,-946.712889773886,-507.5362350387765,29.795032903997086
2002Q3,10984.04,81.172,99.682,1348.884,7397.133333333334,217867.66666666666,0.243729261513304,2.141526762768985,-738.4014894825516,-777.9365667176294,-948.1180621038795,-508.4610260924072,30.564310994373407
2002Q4,11061.433,81.638,99.806,1331.215,7472.966666666667,218543.0,-0.951220219630079,-0.24024690662667825,-738.5813077653972,-777.7985566922875,-950.318557230866,-510.08907324622885,30.569669108987302
2003Q1,11174.129,82.045,99.286,1332.696,7567.133333333334,220109.33333333334,0.725562358547019,0.06619826542904006,-738.7791074200345,-777.7577961901609,-951.4188311654541,-510.6920434427427,31.608402317940136
2003Q2,11312.766,82.328,98.998,1366.842,7661.466666666667,220774.0,1.21257832334412,4.8621382726384486,-738.1918999818287,-777.164738611153,-949.5347852883764,-508.4636584349972,32.7876185099776
2003Q3,11566.669,82.796,99.139,1392.121,7820.933333333333,221512.66666666666,1.06909684868242,4.565557033747635,-736.8731924735921,-776.0055625225724,-948.603104132791,-506.9651290282367,34.298022215484245
2003Q4,11772.234,83.306,99.617,1411.859,7913.466666666667,222275.66666666666,-0.308052541830596,-2.1224295875691626,-736.0695220831236,-775.7872979109617,-948.1531652952814,-505.9011077562442,34.964557868443855
2004Q1,11923.447,83.895,100.042,1401.83,8048.766666666666,222356.0,-0.407980815117513,-0.5468127048575029,-735.5338920332517,-774.8326847435187,-949.606719210734,-506.6501175165679,35.11059619133931
2004Q2,12112.815,84.569,100.129,1445.457,8147.099999999999,222973.33333333334,-0.230395638017007,3.9806820559392406,-735.0355968974291,-774.6957916334941,-947.619441750539,-503.86266483052316,35.79921381996965
2004Q3,12305.307,85.112,100.758,1490.495,8283.333333333334,223680.0,-0.0937184757538,3.307020130078941,-734.4153862520078,-773.9939031384982,-945.5076215708149,-501.1108179494084,36.10962733665785
2004Q4,12527.214,85.77,101.291,1531.693,8448.666666666666,224418.0,0.04783253786472,2.198690169020508,-733.7276281521008,-773.1171041345889,-943.8806019745249,-498.71367247429185,36.59918195035722
2005Q1,12767.286,86.453,101.497,1568.306,8551.733333333334,225038.0,0.193596388849488,1.3401867862443846,-732.8984072409165,-772.9736199053599,-942.5874134550787,-496.6273220883627,37.501124201136925
2005Q2,12922.656,87.082,102.09,1603.838,8701.133333333333,225674.0,-0.512700626011778,0.5773165179910043,-732.6959633529631,-772.2488398136715,-941.3542176674823,-494.6691973185913,37.403234829499155
2005Q3,13142.642,87.874,102.414,1643.13,8868.1,226422.33333333334,0.178801997697327,0.1289652144712936,-732.2443898899835,-771.5845389004102,-940.170299771486,-492.5799027449636,37.868994500118795
2005Q4,13324.204,88.585,103.03,1668.669,8955.266666666668,227196.0,-0.694042805477856,-1.4856657403535234,-732.0193393178886,-771.7533810519068,-939.7749321448105,-491.37867783957034,37.835475890448734
2006Q1,13599.16,89.209,104.043,1735.308,9100.166666666666,227763.66666666666,-0.133359856934521,2.6165809572215477,-730.9282446886265,-771.0997744641469,-936.8105553757312,-487.71236224001075,38.19770985253731
2006Q2,13753.424,90.0,104.367,1774.4,9227.666666666666,228432.66666666666,-0.363159778892327,-4.348287591669344,-730.9763350525272,-770.8844944108391,-935.7588824205825,-485.77791538755594,38.13198864194655
2006Q3,13870.188,90.628,104.802,1815.947,9353.800000000001,229166.33333333334,-1.1706271356108,-2.5219509824375734,-731.1469513732402,-770.5428624553481,-934.4604207670128,-483.784099159492,37.86609959015286
2006Q4,14039.56,90.967,105.245,1849.549,9427.366666666667,229896.0,0.241492567007281,0.7215082324076778,-730.6244777058836,-770.4507029105025,-933.318201054773,-482.2685207162348,38.2846569176196
2007Q1,14215.651,91.839,105.396,1892.034,9572.133333333333,230839.33333333334,-0.498388606677549,-0.7953915457753673,-730.7415445097635,-770.2902886379837,-932.4106544975683,-480.4069500965449,38.433709099688265
2007Q2,14402.082,92.453,105.925,1937.718,9678.733333333332,231482.0,-0.154019668241101,-2.3636335573117364,-730.3829744539087,-770.1271485271349,-930.9691531958281,-478.2991124678677,38.56963546540364
2007Q3,14564.117,92.933,105.52,1967.377,9798.366666666667,232210.0,0.961002080512654,-0.8786920951099848,-730.0960174281656,-769.7305232950425,-930.2819754597731,-477.09409511864783,39.55367309500219
2007Q4,14715.058,93.327,105.152,1997.123,9937.133333333333,232936.66666666666,0.11885310077353,2.4804826689052386,-729.8004731557517,-769.0597472766324,-929.5168409865893,-475.9058954810009,40.51102247453547
2008Q1,14706.538,93.655,104.819,2013.699,10004.466666666667,232806.66666666666,-0.693021612236518,-4.778313806020073,-730.1534013267224,-768.6794510144566,-928.9852840775619,-475.0235023027765,40.41945648820533
2008Q2,14865.701,94.13,104.251,2024.039,10129.9,233410.0,0.12477546834256,0.48262180206943195,-729.8416756303944,-768.198192285167,-929.2378349380944,-474.7701543821814,41.53336335552448
2008Q3,14898.999,94.84,103.058,2007.007,10159.066666666668,234110.33333333334,-0.596058174954242,2.4700802479747876,-730.6689745913918,-768.9617200986955,-931.1339217799675,-475.9147956602471,42.156611073091995
2008Q4,14608.208,95.065,100.199,1918.738,9906.933333333334,234825.0,-1.51290427771355,-0.19975887407355142,-733.1817861517611,-772.0166575322555,-936.1733745779976,-480.7172877618426,42.76197647840615
2009Q1,14430.901,95.018,97.66,1761.401,9814.966666666667,234912.66666666666,0.554618897261543,4.426966678113512,-734.3908351004412,-772.9371729643054,-944.7170646084099,-489.310429874722,44.156868321070604
2009Q2,14381.236,94.852,95.376,1684.966,9805.5,235459.33333333334,1.01032661863864,10.200191089970833,-734.7931697081387,-773.0912545653908,-949.2110612833462,-493.97928307495994,46.35348237319812
2009Q3,14448.882,94.954,94.326,1656.037,9939.4,236093.0,0.566699227602137,-0.21949165699707773,-734.7001317681355,-772.1111702330775,-951.3190960295713,-495.9798396489262,47.82228890612486
2009Q4,14651.248,95.267,94.213,1659.323,10005.0,236739.0,-0.386037565765563,2.553351020997502,-733.9116224697303,-772.0556776209726,-951.7232056388085,-496.05485806162346,49.0039146451514
2010Q1,14764.611,95.526,94.49,1659.963,10101.833333333334,236996.33333333334,,-3.605597452042737,-733.5209962829905,-771.4726206063401,-952.0647818626585,-496.12493568846634,49.20959772057785
2010Q2,14980.193,95.992,95.288,1715.746,10208.133333333333,237506.0,,-2.337194120679869,-732.7728879124365,-771.1272952807446,-949.4609769513659,-493.0344914851572,49.33154015926536
2010Q3,15141.605,96.282,95.668,1762.364,10300.766666666668,238103.66666666666,,2.5204880883648855,-732.2541285552916,-770.7769212389027,-947.3331448905034,-490.6050063459757,49.70362822188522
2010Q4,15309.471,96.846,96.143,1801.85,10430.333333333334,238711.33333333334,,-2.2111084034115835,-731.9905443146564,-770.3658872044828,-945.9563184761262,-488.6441096742064,49.72681809831529
2011Q1,15351.444,97.346,96.319,1805.118,10558.199999999999,238851.66666666666,,-1.9519854733390833,-732.2904818541153,-769.7211550607502,-946.3488396201857,-488.52167540824667,49.3027578685913
2011Q2,15557.535,97.989,97.344,1862.009,10673.033333333333,239316.0,,-1.7296826379401409,-731.8094994654277,-769.4919770759184,-944.0984069476223,-485.6128842003539,48.91940420501171
2011Q3,15647.681,98.595,97.648,1953.756,10755.033333333333,239871.0,,-0.8377734449262917,-732.0799102127887,-769.5747967172198,-940.1368155454624,-481.0347605070975,48.5688279889193
2011Q4,15842.267,98.714,98.49,2008.976,10809.166666666666,240431.33333333334,,1.7354323118174813,-731.1979818012281,-769.4266773280345,-937.7036173325399,-478.48093929732363,48.82549732810103
2012Q1,16068.824,99.313,99.318,2073.366,10959.300000000001,242436.0,,4.304627179814163,-731.2133239683193,-769.4825826049587,-935.9840863330762,-476.15643844335364,48.80329738122667
2012Q2,16207.13,99.713,99.49,2126.171,11005.033333333333,242968.33333333334,,-0.03097913675211672,-730.9775910119974,-769.68744350891,-934.0904469566431,-473.8608409925308,49.08533516089547
2012Q3,16319.54,100.23,100.009,2125.95,11059.366666666667,243564.0,,-2.868240897020939,-731.0484123836054,-769.9569555657382,-934.8628525401377,-474.11609803646024,48.73907148712385
2012Q4,16420.386,100.738,100.586,2148.622,11165.666666666666,244169.0,,-0.0008265119991954784,-731.1860083859569,-769.7540101610655,-934.5556989101292,-473.30339020680185,48.27427206426622
2013Q1,16629.05,101.141,101.02,2170.89,11265.6,244828.66666666666,,-0.4729536229591994,-730.592306317003,-769.5320394283913,-934.1937007349131,-472.54214244612206,48.70723449509352
2013Q2,16699.551,101.428,101.435,2180.344,11290.966666666667,245363.33333333334,,-0.40995644682481786,-730.6707459521191,-769.8086296364706,-934.2606629837601,-472.3257442676239,48.43697254012067
2013Q3,16911.068,101.906,101.964,2220.723,11379.199999999999,245961.0,,1.0832803813764713,-730.1255487719275,-769.7436679072785,-933.1390987991072,-470.73401682396917,48.70529682322028
2013Q4,17133.114,102.515,102.239,2274.02,11518.366666666667,246564.33333333334,,2.253720045634923,-729.6618993765366,-769.3689213111752,-931.6082885555588,-468.6073756220578,49.144602212805275
2014Q1,17144.281,102.942,102.753,2314.877,11618.1,247086.0,,-2.850794098186192,-730.2237528384118,-769.1337950128285,-930.4545622617835,-467.0379899788491,48.29261547332974
2014Q2,17462.703,103.525,103.568,2383.61,11784.666666666666,247625.0,,3.1486528632062263,-729.1661285024312,-768.4929383004765,-928.3112489233671,-464.329935980204,48.77810971733857
2014Q3,17743.227,103.977,104.337,2439.762,11934.300000000001,248232.66666666666,,2.037005795096632,-728.2532333599329,-767.9119592192396,-926.6635705672686,-462.24659848355844,49.19633787579829
2014Q4,17852.54,104.15,105.505,2461.978,12053.833333333334,248842.66666666666,,-2.226731453987175,-728.050720866593,-767.3270275390715,-926.1687911789295,-461.5855744082315,48.53105611383053
2015Q1,17991.348,104.113,105.802,2464.267,12083.933333333334,249900.66666666666,,2.9783026803950072,-727.6649377646089,-767.4663606746124,-926.4645953128014,-461.9169105380788,49.059998406994545
2015Q2,18193.707,104.677,106.209,2472.522,12224.733333333332,250461.33333333334,,2.080326095215707,-727.3108204081415,-767.0722747242675,-926.8945286789643,-461.80658683079525,49.254277458063136
2015Q3,18306.96,104.989,106.224,2479.159,12347.733333333332,251099.0,,-1.4612023428064715,-727.2421551033442,-766.6230355976604,-927.1783476681476,-461.79278939166267,49.56309396504001
